{
  "project_info": {
    "project_number": "933591696457",
    "project_id": "clinic-61905",
    "storage_bucket": "clinic-61905.appspot.com"
  },
  "client": [
    {
      "client_info": {
        "mobilesdk_app_id": "1:933591696457:android:a329dafac8903248c1ab98",
        "android_client_info": {
          "package_name": "com.example.clinic"
        }
      },
      "oauth_client": [],
      "api_key": [
        {
          "current_key": "AIzaSyA_0tMv0sLy0XPWfWh5encZZPnuJA_4S3k"
        }
      ],
      "services": {
        "appinvite_service": {
          "other_platform_oauth_client": []
        }
      }
    }
  ],
  "configuration_version": "1"
}